mission_day,date,item,label,unit,quantity_at_close,daily_use,used_since_start,remaining_pct,days_left_at_this_use,source,note
1,2026-10-15,water,Potable water,L,0,0,0,,,carried,
1,2026-10-15,food,Food rations,days,0,0,0,,,carried,
1,2026-10-15,medical,Medical kits,kits,0,0,0,,,carried,
1,2026-10-15,extinguishers,Fire extinguishers,units,0,0,0,,,carried,
2,2026-10-16,water,Potable water,L,0,0,0,,,carried,
2,2026-10-16,food,Food rations,days,0,0,0,,,carried,
2,2026-10-16,medical,Medical kits,kits,0,0,0,,,carried,
2,2026-10-16,extinguishers,Fire extinguishers,units,0,0,0,,,carried,
3,2026-10-17,water,Potable water,L,0,0,0,,,carried,
3,2026-10-17,food,Food rations,days,0,0,0,,,carried,
3,2026-10-17,medical,Medical kits,kits,0,0,0,,,carried,
3,2026-10-17,extinguishers,Fire extinguishers,units,0,0,0,,,carried,
4,2026-10-18,water,Potable water,L,0,0,0,,,carried,
4,2026-10-18,food,Food rations,days,0,0,0,,,carried,
4,2026-10-18,medical,Medical kits,kits,0,0,0,,,carried,
4,2026-10-18,extinguishers,Fire extinguishers,units,0,0,0,,,carried,
5,2026-10-19,water,Potable water,L,0,0,0,,,carried,
5,2026-10-19,food,Food rations,days,0,0,0,,,carried,
5,2026-10-19,medical,Medical kits,kits,0,0,0,,,carried,
5,2026-10-19,extinguishers,Fire extinguishers,units,0,0,0,,,carried,
6,2026-10-20,water,Potable water,L,0,0,0,,,carried,
6,2026-10-20,food,Food rations,days,0,0,0,,,carried,
6,2026-10-20,medical,Medical kits,kits,0,0,0,,,carried,
6,2026-10-20,extinguishers,Fire extinguishers,units,0,0,0,,,carried,
7,2026-10-21,water,Potable water,L,0,0,0,,,carried,
7,2026-10-21,food,Food rations,days,0,0,0,,,carried,
7,2026-10-21,medical,Medical kits,kits,0,0,0,,,carried,
7,2026-10-21,extinguishers,Fire extinguishers,units,0,0,0,,,carried,
8,2026-10-22,water,Potable water,L,0,0,0,,,carried,
8,2026-10-22,food,Food rations,days,0,0,0,,,carried,
8,2026-10-22,medical,Medical kits,kits,0,0,0,,,carried,
8,2026-10-22,extinguishers,Fire extinguishers,units,0,0,0,,,carried,
9,2026-10-23,water,Potable water,L,0,0,0,,,carried,
9,2026-10-23,food,Food rations,days,0,0,0,,,carried,
9,2026-10-23,medical,Medical kits,kits,0,0,0,,,carried,
9,2026-10-23,extinguishers,Fire extinguishers,units,0,0,0,,,carried,
10,2026-10-24,water,Potable water,L,0,0,0,,,carried,
10,2026-10-24,food,Food rations,days,0,0,0,,,carried,
10,2026-10-24,medical,Medical kits,kits,0,0,0,,,carried,
10,2026-10-24,extinguishers,Fire extinguishers,units,0,0,0,,,carried,
11,2026-10-25,water,Potable water,L,0,0,0,,,carried,
11,2026-10-25,food,Food rations,days,0,0,0,,,carried,
11,2026-10-25,medical,Medical kits,kits,0,0,0,,,carried,
11,2026-10-25,extinguishers,Fire extinguishers,units,0,0,0,,,carried,
12,2026-10-26,water,Potable water,L,0,0,0,,,carried,
12,2026-10-26,food,Food rations,days,0,0,0,,,carried,
12,2026-10-26,medical,Medical kits,kits,0,0,0,,,carried,
12,2026-10-26,extinguishers,Fire extinguishers,units,0,0,0,,,carried,
13,2026-10-27,water,Potable water,L,0,0,0,,,carried,
13,2026-10-27,food,Food rations,days,0,0,0,,,carried,
13,2026-10-27,medical,Medical kits,kits,0,0,0,,,carried,
13,2026-10-27,extinguishers,Fire extinguishers,units,0,0,0,,,carried,
